,batting_score,wickets,runs_conceded,catches,stumps,opposition,ground,date,match_result,result_margin,toss,batting_innings,runs,match_id,day_of_week
0,0,-,-,0,0,v Pakistan,Gujranwala,18 Dec 1989,lost,7 runs,won,2nd,0.0,Gujranwala_18 Dec 1989,Monday
1,0,-,-,0,0,v New Zealand,Dunedin,1 Mar 1990,lost,108 runs,won,2nd,0.0,Dunedin_1 Mar 1990,Thursday
2,36,-,-,0,0,v New Zealand,Wellington,6 Mar 1990,won,1 runs,won,1st,36.0,Wellington_6 Mar 1990,Tuesday
3,10,-,-,1,0,v Sri Lanka,Sharjah,25 Apr 1990,lost,3 wickets,lost,1st,10.0,Sharjah_25 Apr 1990,Wednesday
4,20,-,-,0,0,v Pakistan,Sharjah,27 Apr 1990,lost,26 runs,won,2nd,20.0,Sharjah_27 Apr 1990,Friday
5,19,-,-,0,0,v England,Leeds,18 Jul 1990,won,6 wickets,won,2nd,19.0,Leeds_18 Jul 1990,Wednesday
6,31,0,10,0,0,v England,Nottingham,20 Jul 1990,won,5 wickets,won,2nd,31.0,Nottingham_20 Jul 1990,Friday
7,36,-,-,0,0,v Sri Lanka,Nagpur,1 Dec 1990,won,19 runs,lost,1st,36.0,Nagpur_1 Dec 1990,Saturday
8,53,2,39,2,0,v Sri Lanka,Pune,5 Dec 1990,won,6 wickets,won,2nd,53.0,Pune_5 Dec 1990,Wednesday
9,30,-,-,0,0,v Sri Lanka,Margao,8 Dec 1990,lost,7 wickets,won,1st,30.0,Margao_8 Dec 1990,Saturday
10,DNB,0,15,0,0,v Bangladesh,Chandigarh,25 Dec 1990,won,9 wickets,lost,2nd,,Chandigarh_25 Dec 1990,Tuesday
11,4,-,-,0,0,v Sri Lanka,Cuttack,28 Dec 1990,lost,36 runs,lost,2nd,4.0,Cuttack_28 Dec 1990,Friday
12,53,-,-,0,0,v Sri Lanka,Kolkata,4 Jan 1991,won,7 wickets,won,2nd,53.0,Kolkata_4 Jan 1991,Friday
13,52,-,-,0,0,v Pakistan,Sharjah,18 Oct 1991,won,60 runs,won,1st,52.0,Sharjah_18 Oct 1991,Friday
14,22,-,-,0,0,v West Indies,Sharjah,19 Oct 1991,won,19 runs,lost,1st,22.0,Sharjah_19 Oct 1991,Saturday
15,11,4,34,0,0,v West Indies,Sharjah,22 Oct 1991,won,7 wickets,won,2nd,11.0,Sharjah_22 Oct 1991,Tuesday
16,49,0,20,1,0,v Pakistan,Sharjah,23 Oct 1991,lost,4 runs,lost,2nd,49.0,Sharjah_23 Oct 1991,Wednesday
17,0,0,24,0,0,v Pakistan,Sharjah,25 Oct 1991,lost,72 runs,won,2nd,0.0,Sharjah_25 Oct 1991,Friday
18,62,1,27,0,0,v South Africa,Kolkata,10 Nov 1991,won,3 wickets,won,2nd,62.0,Kolkata_10 Nov 1991,Sunday
19,4,0,31,0,0,v South Africa,Gwalior,12 Nov 1991,won,38 runs,lost,1st,4.0,Gwalior_12 Nov 1991,Tuesday
20,1,0,38,0,0,v South Africa,New Delhi,14 Nov 1991,lost,8 wickets,won,1st,1.0,New Delhi_14 Nov 1991,Thursday
21,1,1,5,0,0,v West Indies,Perth,6 Dec 1991,tied,-,lost,1st,1.0,Perth_6 Dec 1991,Friday
22,36,0,8,1,0,v Australia,Perth,8 Dec 1991,won,107 runs,won,1st,36.0,Perth_8 Dec 1991,Sunday
23,57,-,-,1,0,v Australia,Hobart,10 Dec 1991,lost,8 wickets,won,1st,57.0,Hobart_10 Dec 1991,Tuesday
24,48,0,10,0,0,v West Indies,Adelaide,14 Dec 1991,won,10 runs,won,1st,48.0,Adelaide_14 Dec 1991,Saturday
25,21,0,3,1,0,v Australia,Adelaide,15 Dec 1991,lost,6 wickets,won,1st,21.0,Adelaide_15 Dec 1991,Sunday
26,77,0,27,0,0,v West Indies,Brisbane,11 Jan 1992,lost,6 wickets,won,1st,77.0,Brisbane_11 Jan 1992,Saturday
27,31,0,14,0,0,v Australia,Sydney,14 Jan 1992,lost,9 wickets,won,1st,31.0,Sydney_14 Jan 1992,Tuesday
28,57,0,38,0,0,v West Indies,Melbourne,16 Jan 1992,won,5 wickets,lost,2nd,57.0,Melbourne_16 Jan 1992,Thursday
29,4,1,29,0,0,v Australia,Melbourne,18 Jan 1992,lost,88 runs,lost,2nd,4.0,Melbourne_18 Jan 1992,Saturday
30,69,0,18,1,0,v Australia,Sydney,20 Jan 1992,lost,6 runs,lost,2nd,69.0,Sydney_20 Jan 1992,Monday
31,35,0,37,1,0,v England,Perth,22 Feb 1992,lost,9 runs,lost,2nd,35.0,Perth_22 Feb 1992,Saturday
32,DNB,-,-,-,-,v Sri Lanka,Mackay,28 Feb 1992,n/r,-,lost,1st,,Mackay_28 Feb 1992,Friday
33,11,0,29,0,0,v Australia,Brisbane,1 Mar 1992,lost,1 runs,lost,2nd,11.0,Brisbane_1 Mar 1992,Sunday
34,54,1,37,0,0,v Pakistan,Sydney,4 Mar 1992,won,43 runs,won,1st,54.0,Sydney_4 Mar 1992,Wednesday
35,81,1,35,0,0,v Zimbabwe,Hamilton,7 Mar 1992,won,55 runs,won,1st,81.0,Hamilton_7 Mar 1992,Saturday
36,4,0,20,1,0,v West Indies,Wellington,10 Mar 1992,lost,5 wickets,won,1st,4.0,Wellington_10 Mar 1992,Tuesday
37,84,0,2,0,0,v New Zealand,Dunedin,12 Mar 1992,lost,4 wickets,lost,1st,84.0,Dunedin_12 Mar 1992,Thursday
38,14,0,20,0,0,v South Africa,Adelaide,15 Mar 1992,lost,6 wickets,lost,1st,14.0,Adelaide_15 Mar 1992,Sunday
39,39,0,16,0,0,v Zimbabwe,Harare,25 Oct 1992,won,30 runs,lost,1st,39.0,Harare_25 Oct 1992,Sunday
40,15,1,25,1,0,v South Africa,Cape Town,7 Dec 1992,lost,6 wickets,won,1st,15.0,Cape Town_7 Dec 1992,Monday
41,10,0,18,0,0,v South Africa,Port Elizabeth,9 Dec 1992,lost,6 wickets,won,1st,10.0,Port Elizabeth_9 Dec 1992,Wednesday
42,22,0,16,0,0,v South Africa,Centurion,11 Dec 1992,won,4 wickets,won,2nd,22.0,Centurion_11 Dec 1992,Friday
43,21,0,4,0,0,v South Africa,Johannesburg,13 Dec 1992,lost,6 wickets,lost,1st,21.0,Johannesburg_13 Dec 1992,Sunday
44,32,0,27,0,0,v South Africa,Bloemfontein,15 Dec 1992,lost,8 wickets,lost,1st,32.0,Bloemfontein_15 Dec 1992,Tuesday
45,23,-,-,0,0,v South Africa,Durban,17 Dec 1992,lost,39 runs,won,2nd,23.0,Durban_17 Dec 1992,Thursday
46,21,-,-,1,0,v South Africa,East London,19 Dec 1992,won,5 wickets,won,2nd,21.0,East London_19 Dec 1992,Saturday
47,82,-,-,0,0,v England,Jaipur,18 Jan 1993,lost,4 wickets,lost,1st,82.0,Jaipur_18 Jan 1993,Monday
48,1,0,16,1,0,v England,Chandigarh,21 Jan 1993,won,5 wickets,won,2nd,1.0,Chandigarh_21 Jan 1993,Thursday
49,3,-,-,1,0,v England,Bangalore,26 Feb 1993,lost,48 runs,won,2nd,3.0,Bangalore_26 Feb 1993,Friday
50,24,-,-,0,0,v England,Jamshedpur,1 Mar 1993,lost,6 wickets,lost,1st,24.0,Jamshedpur_1 Mar 1993,Monday
51,5,-,-,0,0,v England,Gwalior,4 Mar 1993,won,3 wickets,won,2nd,5.0,Gwalior_4 Mar 1993,Thursday
52,34,-,-,0,0,v England,Gwalior,5 Mar 1993,won,4 wickets,won,2nd,34.0,Gwalior_5 Mar 1993,Friday
53,3,1,6,0,0,v Zimbabwe,Faridabad,19 Mar 1993,won,67 runs,lost,1st,3.0,Faridabad_19 Mar 1993,Friday
54,8,-,-,0,0,v Zimbabwe,Guwahati,22 Mar 1993,won,7 wickets,won,2nd,8.0,Guwahati_22 Mar 1993,Monday
55,DNB,0,30,0,0,v Zimbabwe,Pune,25 Mar 1993,won,8 wickets,won,2nd,,Pune_25 Mar 1993,Thursday
56,21,-,-,0,0,v Sri Lanka,Colombo (RPS),25 Jul 1993,won,1 runs,lost,1st,21.0,Colombo (RPS)_25 Jul 1993,Sunday
57,15,0,20,1,0,v Sri Lanka,Colombo (RPS),12 Aug 1993,lost,8 runs,won,2nd,15.0,Colombo (RPS)_12 Aug 1993,Thursday
58,25,0,15,0,0,v Sri Lanka,Moratuwa,14 Aug 1993,lost,4 wickets,won,1st,25.0,Moratuwa_14 Aug 1993,Saturday
59,26,1,27,1,0,v Sri Lanka,Kanpur,7 Nov 1993,won,7 wickets,won,2nd,26.0,Kanpur_7 Nov 1993,Sunday
60,2,0,11,0,0,v West Indies,Ahmedabad,16 Nov 1993,lost,69 runs,lost,2nd,2.0,Ahmedabad_16 Nov 1993,Tuesday
61,24,1,48,0,0,v Zimbabwe,Indore,18 Nov 1993,tied,-,lost,1st,24.0,Indore_18 Nov 1993,Thursday
62,3,-,-,0,0,v South Africa,Mohali,22 Nov 1993,won,43 runs,lost,1st,3.0,Mohali_22 Nov 1993,Monday
63,15,0,3,0,0,v South Africa,Kolkata,24 Nov 1993,won,2 runs,won,1st,15.0,Kolkata_24 Nov 1993,Wednesday
64,28,1,24,0,0,v West Indies,Kolkata,27 Nov 1993,won,102 runs,lost,1st,28.0,Kolkata_27 Nov 1993,Saturday
65,1,3,43,1,0,v Sri Lanka,Rajkot,15 Feb 1994,won,8 runs,lost,1st,1.0,Rajkot_15 Feb 1994,Tuesday
66,11,1,36,1,0,v Sri Lanka,Hyderabad (Deccan),18 Feb 1994,won,7 wickets,won,2nd,11.0,Hyderabad (Deccan)_18 Feb 1994,Friday
67,52,1,23,0,0,v Sri Lanka,Jalandhar,20 Feb 1994,lost,4 wickets,lost,1st,52.0,Jalandhar_20 Feb 1994,Sunday
68,15,0,37,0,0,v New Zealand,Napier,25 Mar 1994,lost,28 runs,won,2nd,15.0,Napier_25 Mar 1994,Friday
69,82,-,-,0,0,v New Zealand,Auckland,27 Mar 1994,won,7 wickets,lost,2nd,82.0,Auckland_27 Mar 1994,Sunday
70,63,0,12,0,0,v New Zealand,Wellington,30 Mar 1994,won,12 runs,lost,1st,63.0,Wellington_30 Mar 1994,Wednesday
71,40,0,22,0,0,v New Zealand,Christchurch,2 Apr 1994,lost,6 wickets,won,1st,40.0,Christchurch_2 Apr 1994,Saturday
72,63,0,22,1,0,v U.A.E.,Sharjah,13 Apr 1994,won,71 runs,lost,1st,63.0,Sharjah_13 Apr 1994,Wednesday
73,73,0,34,0,0,v Pakistan,Sharjah,15 Apr 1994,lost,6 wickets,lost,1st,73.0,Sharjah_15 Apr 1994,Friday
74,6,0,39,1,0,v Australia,Sharjah,19 Apr 1994,won,7 wickets,lost,2nd,6.0,Sharjah_19 Apr 1994,Tuesday
75,24,0,45,0,0,v Pakistan,Sharjah,22 Apr 1994,lost,39 runs,won,2nd,24.0,Sharjah_22 Apr 1994,Friday
76,11,-,-,-,-,v Sri Lanka,Colombo (RPS),4 Sep 1994,n/r,-,lost,1st,11.0,Colombo (RPS)_4 Sep 1994,Sunday
77,6,0,21,0,0,v Sri Lanka,Colombo (RPS),5 Sep 1994,lost,7 wickets,lost,1st,6.0,Colombo (RPS)_5 Sep 1994,Monday
78,110,0,15,0,0,v Australia,Colombo (RPS),9 Sep 1994,won,31 runs,won,1st,110.0,Colombo (RPS)_9 Sep 1994,Friday
79,0,-,-,0,0,v Sri Lanka,Colombo (SSC),17 Sep 1994,won,6 wickets,won,2nd,0.0,Colombo (SSC)_17 Sep 1994,Saturday
80,0,0,32,0,0,v West Indies,Faridabad,17 Oct 1994,lost,96 runs,lost,2nd,0.0,Faridabad_17 Oct 1994,Monday
81,0,-,-,1,0,v West Indies,Mumbai,20 Oct 1994,won,8 runs,won,2nd,0.0,Mumbai_20 Oct 1994,Thursday
82,8,3,36,1,0,v West Indies,Chennai,23 Oct 1994,won,4 wickets,won,2nd,8.0,Chennai_23 Oct 1994,Sunday
83,115,0,27,0,0,v New Zealand,Vadodara,28 Oct 1994,won,7 wickets,lost,2nd,115.0,Vadodara_28 Oct 1994,Friday
84,34,2,31,1,0,v West Indies,Kanpur,30 Oct 1994,lost,46 runs,won,2nd,34.0,Kanpur_30 Oct 1994,Sunday
85,62,2,29,0,0,v New Zealand,Delhi,3 Nov 1994,won,107 runs,won,1st,62.0,Delhi_3 Nov 1994,Thursday
86,66,1,35,1,0,v West Indies,Kolkata,5 Nov 1994,won,72 runs,lost,1st,66.0,Kolkata_5 Nov 1994,Saturday
87,54,1,39,0,0,v West Indies,Visakhapatnam,7 Nov 1994,won,4 runs,lost,1st,54.0,Visakhapatnam_7 Nov 1994,Monday
88,88,0,20,0,0,v West Indies,Cuttack,9 Nov 1994,won,8 wickets,lost,2nd,88.0,Cuttack_9 Nov 1994,Wednesday
89,105,0,31,0,0,v West Indies,Jaipur,11 Nov 1994,won,5 runs,won,1st,105.0,Jaipur_11 Nov 1994,Friday
90,13,-,-,0,0,v New Zealand,Napier,16 Feb 1995,lost,4 wickets,lost,1st,13.0,Napier_16 Feb 1995,Thursday
91,37,0,43,0,0,v South Africa,Hamilton,18 Feb 1995,lost,14 runs,lost,2nd,37.0,Hamilton_18 Feb 1995,Saturday
92,47,1,33,1,0,v Australia,Dunedin,22 Feb 1995,won,5 wickets,lost,2nd,47.0,Dunedin_22 Feb 1995,Wednesday
93,48,-,-,0,0,v Bangladesh,Sharjah,5 Apr 1995,won,9 wickets,lost,2nd,48.0,Sharjah_5 Apr 1995,Wednesday
94,4,0,27,2,0,v Pakistan,Sharjah,7 Apr 1995,lost,97 runs,lost,2nd,4.0,Sharjah_7 Apr 1995,Friday
95,112,-,-,1,0,v Sri Lanka,Sharjah,9 Apr 1995,won,8 wickets,lost,2nd,112.0,Sharjah_9 Apr 1995,Sunday
96,41,0,10,0,0,v Sri Lanka,Sharjah,14 Apr 1995,won,8 wickets,won,2nd,41.0,Sharjah_14 Apr 1995,Friday
97,30,0,18,0,0,v New Zealand,Jamshedpur,15 Nov 1995,lost,8 wickets,lost,1st,30.0,Jamshedpur_15 Nov 1995,Wednesday
98,39,1,15,1,0,v New Zealand,Amritsar,18 Nov 1995,won,6 wickets,won,2nd,39.0,Amritsar_18 Nov 1995,Saturday
99,7,2,49,1,0,v New Zealand,Pune,24 Nov 1995,won,5 wickets,won,2nd,7.0,Pune_24 Nov 1995,Friday
100,65,0,54,0,0,v New Zealand,Nagpur,26 Nov 1995,lost,99 runs,won,2nd,65.0,Nagpur_26 Nov 1995,Sunday
101,1,-,-,0,0,v New Zealand,Mumbai (BS),29 Nov 1995,won,6 wickets,won,2nd,1.0,Mumbai (BS)_29 Nov 1995,Wednesday
102,127,0,26,0,0,v Kenya,Cuttack,18 Feb 1996,won,7 wickets,won,2nd,127.0,Cuttack_18 Feb 1996,Sunday
103,70,-,-,0,0,v West Indies,Gwalior,21 Feb 1996,won,5 wickets,lost,2nd,70.0,Gwalior_21 Feb 1996,Wednesday
104,90,-,-,0,0,v Australia,Mumbai,27 Feb 1996,lost,16 runs,lost,2nd,90.0,Mumbai_27 Feb 1996,Tuesday
105,137,0,41,0,0,v Sri Lanka,Delhi,2 Mar 1996,lost,6 wickets,lost,1st,137.0,Delhi_2 Mar 1996,Saturday
106,3,0,23,1,0,v Zimbabwe,Kanpur,6 Mar 1996,won,40 runs,lost,1st,3.0,Kanpur_6 Mar 1996,Wednesday
107,31,0,25,0,0,v Pakistan,Bangalore,9 Mar 1996,won,39 runs,won,1st,31.0,Bangalore_9 Mar 1996,Saturday
108,65,2,34,1,0,v Sri Lanka,Kolkata,13 Mar 1996,lost,,won,2nd,65.0,Kolkata_13 Mar 1996,Wednesday
109,28,0,19,0,0,v Sri Lanka,Singapore,3 Apr 1996,won,12 runs,won,1st,28.0,Singapore_3 Apr 1996,Wednesday
110,100,0,18,0,0,v Pakistan,Singapore,5 Apr 1996,lost,8 wickets,lost,1st,100.0,Singapore_5 Apr 1996,Friday
111,1,1,46,0,0,v Pakistan,Sharjah,12 Apr 1996,lost,38 runs,won,2nd,1.0,Sharjah_12 Apr 1996,Friday
112,2,0,40,1,0,v South Africa,Sharjah,14 Apr 1996,lost,80 runs,lost,2nd,2.0,Sharjah_14 Apr 1996,Sunday
113,118,2,40,0,0,v Pakistan,Sharjah,15 Apr 1996,won,28 runs,won,1st,118.0,Sharjah_15 Apr 1996,Monday
114,17,-,-,0,0,v South Africa,Sharjah,17 Apr 1996,lost,5 wickets,won,1st,17.0,Sharjah_17 Apr 1996,Wednesday
115,57,0,51,0,0,v South Africa,Sharjah,19 Apr 1996,lost,38 runs,lost,2nd,57.0,Sharjah_19 Apr 1996,Friday
116,30,0,44,1,0,v England,The Oval,23 May 1996,n/r,-,lost,2nd,30.0,The Oval_23 May 1996,Thursday
117,6,0,15,1,0,v England,Leeds,25 May 1996,lost,6 wickets,lost,1st,6.0,Leeds_25 May 1996,Saturday
118,1,0,22,0,0,v England,Manchester,26 May 1996,lost,4 wickets,won,1st,1.0,Manchester_26 May 1996,Sunday
119,110,1,29,0,0,v Sri Lanka,Colombo (RPS),28 Aug 1996,lost,9 wickets,won,1st,110.0,Colombo (RPS)_28 Aug 1996,Wednesday
120,40,0,20,1,0,v Zimbabwe,Colombo (SSC),1 Sep 1996,won,7 wickets,won,2nd,40.0,Colombo (SSC)_1 Sep 1996,Sunday
121,7,0,38,1,0,v Australia,Colombo (SSC),6 Sep 1996,lost,3 wickets,lost,1st,7.0,Colombo (SSC)_6 Sep 1996,Friday
122,89,0,12,1,0,v Pakistan,Toronto,16 Sep 1996,won,8 wickets,won,2nd,89.0,Toronto_16 Sep 1996,Monday
123,20,1,35,0,0,v Pakistan,Toronto,17 Sep 1996,lost,2 wickets,lost,1st,20.0,Toronto_17 Sep 1996,Tuesday
124,2,0,17,2,0,v Pakistan,Toronto,18 Sep 1996,won,55 runs,won,1st,2.0,Toronto_18 Sep 1996,Wednesday
125,3,1,22,0,0,v Pakistan,Toronto,21 Sep 1996,lost,97 runs,won,2nd,3.0,Toronto_21 Sep 1996,Saturday
126,23,-,-,0,0,v Pakistan,Toronto,23 Sep 1996,lost,52 runs,lost,2nd,23.0,Toronto_23 Sep 1996,Monday
127,11,0,28,0,0,v South Africa,Hyderabad (Deccan),17 Oct 1996,lost,47 runs,lost,2nd,11.0,Hyderabad (Deccan)_17 Oct 1996,Thursday
128,88,1,45,2,0,v Australia,Bangalore,21 Oct 1996,won,2 wickets,lost,2nd,88.0,Bangalore_21 Oct 1996,Monday
129,64,0,22,0,0,v South Africa,Jaipur,23 Oct 1996,lost,27 runs,won,2nd,64.0,Jaipur_23 Oct 1996,Wednesday
130,28,0,13,1,0,v South Africa,Rajkot,29 Oct 1996,lost,5 wickets,won,1st,28.0,Rajkot_29 Oct 1996,Tuesday
131,62,0,0,0,0,v Australia,Mohali,3 Nov 1996,won,5 runs,lost,1st,62.0,Mohali_3 Nov 1996,Sunday
132,67,-,-,0,0,v South Africa,Mumbai,6 Nov 1996,won,35 runs,won,1st,67.0,Mumbai_6 Nov 1996,Wednesday
133,114,-,-,0,0,v South Africa,Mumbai,14 Dec 1996,won,74 runs,won,1st,114.0,Mumbai_14 Dec 1996,Saturday
134,0,-,-,1,0,v South Africa,Bloemfontein,23 Jan 1997,lost,39 runs,lost,2nd,0.0,Bloemfontein_23 Jan 1997,Thursday
135,6,0,22,0,0,v Zimbabwe,Paarl,27 Jan 1997,tied,-,lost,2nd,6.0,Paarl_27 Jan 1997,Monday
136,1,-,-,0,0,v South Africa,Port Elizabeth,2 Feb 1997,lost,6 wickets,won,1st,1.0,Port Elizabeth_2 Feb 1997,Sunday
137,14,0,17,0,0,v South Africa,East London,4 Feb 1997,lost,6 wickets,won,1st,14.0,East London_4 Feb 1997,Tuesday
138,41,0,11,0,0,v Zimbabwe,Centurion,7 Feb 1997,lost,3 wickets,won,1st,41.0,Centurion_7 Feb 1997,Friday
139,104,0,16,0,0,v Zimbabwe,Benoni,9 Feb 1997,won,6 wickets,won,2nd,104.0,Benoni_9 Feb 1997,Sunday
140,32,-,-,0,0,v South Africa,Durban,12 Feb 1997,n/r,-,won,1st,32.0,Durban_12 Feb 1997,Wednesday
141,45,1,19,0,0,v South Africa,Durban,13 Feb 1997,lost,17 runs,lost,2nd,45.0,Durban_13 Feb 1997,Thursday
142,13,-,-,0,0,v Zimbabwe,Bulawayo,15 Feb 1997,lost,8 wickets,lost,1st,13.0,Bulawayo_15 Feb 1997,Saturday
143,44,0,11,0,0,v West Indies,Port of Spain,26 Apr 1997,lost,8 wickets,won,1st,44.0,Port of Spain_26 Apr 1997,Saturday
144,65,0,4,0,0,v West Indies,Port of Spain,27 Apr 1997,won,10 wickets,won,2nd,65.0,Port of Spain_27 Apr 1997,Sunday
145,9,1,13,0,0,v West Indies,Kingstown,30 Apr 1997,lost,18 runs,won,2nd,9.0,Kingstown_30 Apr 1997,Wednesday
146,1,0,22,0,0,v West Indies,Bridgetown,3 May 1997,lost,10 wickets,lost,1st,1.0,Bridgetown_3 May 1997,Saturday
147,117,0,35,0,0,v New Zealand,Bangalore,14 May 1997,won,8 wickets,lost,2nd,117.0,Bangalore_14 May 1997,Wednesday
148,2,0,13,1,0,v Sri Lanka,Mumbai,17 May 1997,lost,5 wickets,won,1st,2.0,Mumbai_17 May 1997,Saturday
149,4,2,61,0,0,v Pakistan,Chennai,21 May 1997,lost,35 runs,lost,2nd,4.0,Chennai_21 May 1997,Wednesday
150,21,0,6,0,0,v Sri Lanka,Colombo (RPS),18 Jul 1997,lost,6 wickets,lost,1st,21.0,Colombo (RPS)_18 Jul 1997,Friday
151,TDNB,-,-,0,0,v Pakistan,Colombo (SSC),20 Jul 1997,n/r,-,won,2nd,,Colombo (SSC)_20 Jul 1997,Sunday
152,28,1,18,0,0,v Bangladesh,Colombo (SSC),24 Jul 1997,won,9 wickets,won,2nd,28.0,Colombo (SSC)_24 Jul 1997,Thursday
153,53,0,20,0,0,v Sri Lanka,Colombo (RPS),26 Jul 1997,lost,8 wickets,won,1st,53.0,Colombo (RPS)_26 Jul 1997,Saturday
154,27,0,28,0,0,v Sri Lanka,Colombo (RPS),17 Aug 1997,lost,2 runs,won,2nd,27.0,Colombo (RPS)_17 Aug 1997,Sunday
155,6,-,-,1,0,v Sri Lanka,Colombo (RPS),20 Aug 1997,lost,7 wickets,lost,1st,6.0,Colombo (RPS)_20 Aug 1997,Wednesday
156,27,-,-,0,0,v Sri Lanka,Colombo (SSC),23 Aug 1997,n/r,-,lost,1st,27.0,Colombo (SSC)_23 Aug 1997,Saturday
157,39,1,22,2,0,v Sri Lanka,Colombo (SSC),24 Aug 1997,lost,9 runs,won,2nd,39.0,Colombo (SSC)_24 Aug 1997,Sunday
158,17,0,13,0,0,v Pakistan,Toronto,13 Sep 1997,won,20 runs,lost,1st,17.0,Toronto_13 Sep 1997,Saturday
159,25,-,-,0,0,v Pakistan,Toronto,14 Sep 1997,won,7 wickets,lost,2nd,25.0,Toronto_14 Sep 1997,Sunday
160,TDNB,0,17,0,0,v Pakistan,Toronto,17 Sep 1997,n/r,-,won,2nd,,Toronto_17 Sep 1997,Wednesday
161,0,-,-,2,0,v Pakistan,Toronto,18 Sep 1997,won,34 runs,lost,1st,0.0,Toronto_18 Sep 1997,Thursday
162,6,-,-,1,0,v Pakistan,Toronto,20 Sep 1997,won,7 wickets,won,2nd,6.0,Toronto_20 Sep 1997,Saturday
163,51,-,-,2,0,v Pakistan,Toronto,21 Sep 1997,lost,5 wickets,lost,1st,51.0,Toronto_21 Sep 1997,Sunday
164,2,0,11,2,0,v Pakistan,Hyderabad (Sind),28 Sep 1997,lost,5 wickets,won,1st,2.0,Hyderabad (Sind)_28 Sep 1997,Sunday
165,21,0,7,0,0,v Pakistan,Karachi,30 Sep 1997,won,4 wickets,lost,2nd,21.0,Karachi_30 Sep 1997,Tuesday
166,7,-,-,1,0,v Pakistan,Lahore,2 Oct 1997,lost,9 wickets,lost,1st,7.0,Lahore_2 Oct 1997,Thursday
167,91,0,24,1,0,v England,Sharjah,11 Dec 1997,lost,7 runs,won,2nd,91.0,Sharjah_11 Dec 1997,Thursday
168,3,-,-,0,0,v Pakistan,Sharjah,14 Dec 1997,lost,4 wickets,won,1st,3.0,Sharjah_14 Dec 1997,Sunday
169,1,0,17,0,0,v West Indies,Sharjah,16 Dec 1997,lost,41 runs,won,2nd,1.0,Sharjah_16 Dec 1997,Tuesday
170,82,-,-,0,0,v Sri Lanka,Guwahati,22 Dec 1997,won,7 wickets,won,2nd,82.0,Guwahati_22 Dec 1997,Monday
171,TDNB,-,-,0,0,v Sri Lanka,Indore,25 Dec 1997,n/r,-,lost,2nd,,Indore_25 Dec 1997,Thursday
172,6,0,7,0,0,v Sri Lanka,Margao,28 Dec 1997,lost,5 wickets,won,1st,6.0,Margao_28 Dec 1997,Sunday
173,54,0,13,2,0,v Bangladesh,Dhaka,10 Jan 1998,won,4 wickets,won,2nd,54.0,Dhaka_10 Jan 1998,Saturday
174,67,1,24,4,0,v Pakistan,Dhaka,11 Jan 1998,won,18 runs,lost,1st,67.0,Dhaka_11 Jan 1998,Sunday
175,95,3,45,0,0,v Pakistan,Dhaka,14 Jan 1998,won,8 wickets,lost,2nd,95.0,Dhaka_14 Jan 1998,Wednesday
176,1,0,17,0,0,v Pakistan,Dhaka,16 Jan 1998,lost,6 wickets,won,1st,1.0,Dhaka_16 Jan 1998,Friday
177,41,1,49,0,0,v Pakistan,Dhaka,18 Jan 1998,won,3 wickets,won,2nd,41.0,Dhaka_18 Jan 1998,Sunday
178,8,5,32,1,0,v Australia,Kochi,1 Apr 1998,won,41 runs,won,1st,8.0,Kochi_1 Apr 1998,Wednesday
179,5,1,36,0,0,v Zimbabwe,Vadodara,5 Apr 1998,won,13 runs,lost,1st,5.0,Vadodara_5 Apr 1998,Sunday
180,100,0,19,0,0,v Australia,Kanpur,7 Apr 1998,won,6 wickets,lost,2nd,100.0,Kanpur_7 Apr 1998,Tuesday
181,1,0,20,0,0,v Zimbabwe,Cuttack,9 Apr 1998,won,32 runs,lost,1st,1.0,Cuttack_9 Apr 1998,Thursday
182,15,0,13,1,0,v Australia,Delhi,14 Apr 1998,lost,4 wickets,won,1st,15.0,Delhi_14 Apr 1998,Tuesday
183,40,0,13,0,0,v New Zealand,Sharjah,17 Apr 1998,won,15 runs,won,1st,40.0,Sharjah_17 Apr 1998,Friday
184,80,0,21,0,0,v Australia,Sharjah,19 Apr 1998,lost,58 runs,lost,2nd,80.0,Sharjah_19 Apr 1998,Sunday
185,38,1,28,0,0,v New Zealand,Sharjah,20 Apr 1998,lost,4 wickets,won,1st,38.0,Sharjah_20 Apr 1998,Monday
186,143,1,27,0,0,v Australia,Sharjah,22 Apr 1998,lost,26 runs,lost,2nd,143.0,Sharjah_22 Apr 1998,Wednesday
187,134,0,12,0,0,v Australia,Sharjah,24 Apr 1998,won,6 wickets,won,2nd,134.0,Sharjah_24 Apr 1998,Friday
188,33,2,8,0,0,v Bangladesh,Mumbai,25 May 1998,won,5 wickets,lost,2nd,33.0,Mumbai_25 May 1998,Monday
189,18,0,34,0,0,v Kenya,Gwalior,28 May 1998,lost,69 runs,lost,2nd,18.0,Gwalior_28 May 1998,Thursday
190,100,0,4,0,0,v Kenya,Kolkata,31 May 1998,won,9 wickets,lost,2nd,100.0,Kolkata_31 May 1998,Sunday
191,65,0,17,0,0,v Sri Lanka,Colombo (RPS),19 Jun 1998,won,8 wickets,lost,2nd,65.0,Colombo (RPS)_19 Jun 1998,Friday
192,53,1,32,0,0,v New Zealand,Colombo (RPS),23 Jun 1998,n/r,-,won,2nd,53.0,Colombo (RPS)_23 Jun 1998,Tuesday
193,17,-,-,1,0,v Sri Lanka,Colombo (SSC),1 Jul 1998,lost,8 runs,won,2nd,17.0,Colombo (SSC)_1 Jul 1998,Wednesday
194,TDNB,-,-,1,0,v New Zealand,Colombo (SSC),3 Jul 1998,n/r,-,lost,2nd,,Colombo (SSC)_3 Jul 1998,Friday
195,128,0,13,0,0,v Sri Lanka,Colombo (RPS),7 Jul 1998,won,6 runs,won,1st,128.0,Colombo (RPS)_7 Jul 1998,Tuesday
196,77,-,-,0,0,v Pakistan,Toronto,20 Sep 1998,lost,5 wickets,won,1st,77.0,Toronto_20 Sep 1998,Sunday
197,127,-,-,1,0,v Zimbabwe,Bulawayo,26 Sep 1998,won,8 wickets,won,2nd,127.0,Bulawayo_26 Sep 1998,Saturday
198,29,0,11,0,0,v Zimbabwe,Bulawayo,27 Sep 1998,won,8 wickets,won,2nd,29.0,Bulawayo_27 Sep 1998,Sunday
199,2,0,30,0,0,v Zimbabwe,Harare,30 Sep 1998,lost,37 runs,won,2nd,2.0,Harare_30 Sep 1998,Wednesday
200,141,4,38,1,0,v Australia,Dhaka,28 Oct 1998,won,44 runs,lost,1st,141.0,Dhaka_28 Oct 1998,Wednesday
201,8,2,29,1,0,v West Indies,Dhaka,31 Oct 1998,lost,6 wickets,won,1st,8.0,Dhaka_31 Oct 1998,Saturday
202,3,0,17,0,0,v Sri Lanka,Sharjah,6 Nov 1998,won,3 wickets,won,2nd,3.0,Sharjah_6 Nov 1998,Friday
203,118,0,4,0,0,v Zimbabwe,Sharjah,8 Nov 1998,won,7 wickets,won,2nd,118.0,Sharjah_8 Nov 1998,Sunday
204,18,-,-,0,0,v Sri Lanka,Sharjah,9 Nov 1998,won,81 runs,lost,1st,18.0,Sharjah_9 Nov 1998,Monday
205,11,1,14,0,0,v Zimbabwe,Sharjah,11 Nov 1998,lost,13 runs,won,2nd,11.0,Sharjah_11 Nov 1998,Wednesday
206,124,1,16,1,0,v Zimbabwe,Sharjah,13 Nov 1998,won,10 wickets,won,2nd,124.0,Sharjah_13 Nov 1998,Friday
207,0,1,34,0,0,v New Zealand,Taupo,9 Jan 1999,lost,5 wickets,won,1st,0.0,Taupo_9 Jan 1999,Saturday
208,23,3,34,0,0,v New Zealand,Napier,12 Jan 1999,won,2 wickets,won,2nd,23.0,Napier_12 Jan 1999,Tuesday
209,45,-,-,0,0,v New Zealand,Wellington,14 Jan 1999,n/r,-,lost,1st,45.0,Wellington_14 Jan 1999,Thursday
210,5,1,29,0,0,v New Zealand,Auckland,16 Jan 1999,won,5 wickets,won,2nd,5.0,Auckland_16 Jan 1999,Saturday
211,28,0,22,0,0,v South Africa,Hove,15 May 1999,lost,4 wickets,won,1st,28.0,Hove_15 May 1999,Saturday
212,140,0,23,0,0,v Kenya,Bristol,23 May 1999,won,94 runs,lost,1st,140.0,Bristol_23 May 1999,Sunday
213,2,-,-,1,0,v Sri Lanka,Taunton,26 May 1999,won,157 runs,lost,1st,2.0,Taunton_26 May 1999,Wednesday
214,22,-,-,0,0,v England,Birmingham,29 May 1999,won,63 runs,lost,1st,22.0,Birmingham_29 May 1999,Saturday
215,0,0,4,0,0,v Australia,The Oval,4 Jun 1999,lost,77 runs,won,2nd,0.0,The Oval_4 Jun 1999,Friday
216,45,-,-,1,0,v Pakistan,Manchester,8 Jun 1999,won,47 runs,won,1st,45.0,Manchester_8 Jun 1999,Tuesday
217,16,0,14,0,0,v New Zealand,Nottingham,12 Jun 1999,lost,5 wickets,won,1st,16.0,Nottingham_12 Jun 1999,Saturday
218,14,-,-,0,0,v Australia,Galle,23 Aug 1999,lost,8 wickets,won,1st,14.0,Galle_23 Aug 1999,Monday
219,37,-,-,0,0,v Sri Lanka,Colombo (RPS),25 Aug 1999,lost,7 wickets,won,1st,37.0,Colombo (RPS)_25 Aug 1999,Wednesday
220,120,-,-,0,0,v Sri Lanka,Colombo (SSC),29 Aug 1999,won,23 runs,lost,1st,120.0,Colombo (SSC)_29 Aug 1999,Sunday
221,85,-,-,0,0,v Zimbabwe,Singapore,4 Sep 1999,won,115 runs,lost,1st,85.0,Singapore_4 Sep 1999,Saturday
222,40,-,-,-,-,v West Indies,Singapore,7 Sep 1999,n/r,-,won,1st,40.0,Singapore_7 Sep 1999,Tuesday
223,0,-,-,0,0,v West Indies,Singapore,8 Sep 1999,lost,4 wickets,lost,1st,0.0,Singapore_8 Sep 1999,Wednesday
224,32,0,18,1,0,v New Zealand,Rajkot,5 Nov 1999,lost,43 runs,lost,2nd,32.0,Rajkot_5 Nov 1999,Friday
225,186,-,-,1,0,v New Zealand,Hyderabad (Deccan),8 Nov 1999,won,174 runs,won,1st,186.0,Hyderabad (Deccan)_8 Nov 1999,Monday
226,1,-,-,0,0,v New Zealand,Gwalior,11 Nov 1999,won,14 runs,won,1st,1.0,Gwalior_11 Nov 1999,Thursday
227,2,-,-,0,0,v New Zealand,Guwahati,14 Nov 1999,lost,48 runs,won,2nd,2.0,Guwahati_14 Nov 1999,Sunday
228,0,-,-,0,0,v New Zealand,Delhi,17 Nov 1999,won,7 wickets,lost,2nd,0.0,Delhi_17 Nov 1999,Wednesday
229,13,-,-,0,0,v Pakistan,Brisbane,10 Jan 2000,lost,2 wickets,won,1st,13.0,Brisbane_10 Jan 2000,Monday
230,12,0,23,2,0,v Australia,Melbourne,12 Jan 2000,lost,28 runs,lost,2nd,12.0,Melbourne_12 Jan 2000,Wednesday
231,1,-,-,0,0,v Australia,Sydney,14 Jan 2000,lost,5 wickets,won,1st,1.0,Sydney_14 Jan 2000,Friday
232,93,0,6,1,0,v Pakistan,Hobart,21 Jan 2000,lost,32 runs,won,2nd,93.0,Hobart_21 Jan 2000,Friday
233,41,-,-,1,0,v Pakistan,Adelaide,25 Jan 2000,won,48 runs,won,1st,41.0,Adelaide_25 Jan 2000,Tuesday
234,18,1,48,0,0,v Australia,Adelaide,26 Jan 2000,lost,152 runs,lost,2nd,18.0,Adelaide_26 Jan 2000,Wednesday
235,17,-,-,2,0,v Pakistan,Perth,28 Jan 2000,lost,104 runs,lost,2nd,17.0,Perth_28 Jan 2000,Friday
236,3,-,-,1,0,v Australia,Perth,30 Jan 2000,lost,4 wickets,won,1st,3.0,Perth_30 Jan 2000,Sunday
237,26,0,44,0,0,v South Africa,Kochi,9 Mar 2000,won,3 wickets,lost,2nd,26.0,Kochi_9 Mar 2000,Thursday
238,21,1,39,0,0,v South Africa,Jamshedpur,12 Mar 2000,won,6 wickets,lost,2nd,21.0,Jamshedpur_12 Mar 2000,Sunday
239,12,4,56,1,0,v South Africa,Faridabad,15 Mar 2000,lost,2 wickets,lost,1st,12.0,Faridabad_15 Mar 2000,Wednesday
240,122,0,43,0,0,v South Africa,Vadodara,17 Mar 2000,won,4 wickets,lost,2nd,122.0,Vadodara_17 Mar 2000,Friday
241,93,1,31,0,0,v South Africa,Nagpur,19 Mar 2000,lost,10 runs,won,2nd,93.0,Nagpur_19 Mar 2000,Sunday
242,5,0,32,0,0,v South Africa,Sharjah,22 Mar 2000,lost,10 wickets,won,1st,5.0,Sharjah_22 Mar 2000,Wednesday
243,11,0,21,0,0,v Pakistan,Sharjah,23 Mar 2000,won,5 wickets,lost,2nd,11.0,Sharjah_23 Mar 2000,Thursday
244,10,0,11,0,0,v Pakistan,Sharjah,26 Mar 2000,lost,98 runs,lost,2nd,10.0,Sharjah_26 Mar 2000,Sunday
245,39,0,3,0,0,v South Africa,Sharjah,27 Mar 2000,lost,6 wickets,won,1st,39.0,Sharjah_27 Mar 2000,Monday
246,36,2,24,0,0,v Bangladesh,Dhaka,30 May 2000,won,8 wickets,lost,2nd,36.0,Dhaka_30 May 2000,Tuesday
247,93,2,44,0,0,v Sri Lanka,Dhaka,1 Jun 2000,lost,71 runs,lost,2nd,93.0,Dhaka_1 Jun 2000,Thursday
248,25,0,41,1,0,v Pakistan,Dhaka,3 Jun 2000,lost,44 runs,lost,2nd,25.0,Dhaka_3 Jun 2000,Saturday
249,25,0,25,0,0,v Kenya,Nairobi (Gym),3 Oct 2000,won,8 wickets,won,2nd,25.0,Nairobi (Gym)_3 Oct 2000,Tuesday
250,38,1,31,0,0,v Australia,Nairobi (Gym),7 Oct 2000,won,20 runs,lost,1st,38.0,Nairobi (Gym)_7 Oct 2000,Saturday
251,39,2,32,1,0,v South Africa,Nairobi (Gym),13 Oct 2000,won,95 runs,won,1st,39.0,Nairobi (Gym)_13 Oct 2000,Friday
252,69,1,38,0,0,v New Zealand,Nairobi (Gym),15 Oct 2000,lost,4 wickets,lost,1st,69.0,Nairobi (Gym)_15 Oct 2000,Sunday
253,101,0,22,0,0,v Sri Lanka,Sharjah,20 Oct 2000,lost,5 wickets,won,1st,101.0,Sharjah_20 Oct 2000,Friday
254,8,1,46,0,0,v Zimbabwe,Sharjah,22 Oct 2000,won,13 runs,lost,1st,8.0,Sharjah_22 Oct 2000,Sunday
255,4,0,16,0,0,v Zimbabwe,Sharjah,26 Oct 2000,won,3 wickets,won,2nd,4.0,Sharjah_26 Oct 2000,Thursday
256,61,0,21,0,0,v Sri Lanka,Sharjah,27 Oct 2000,lost,68 runs,won,2nd,61.0,Sharjah_27 Oct 2000,Friday
257,5,1,28,0,0,v Sri Lanka,Sharjah,29 Oct 2000,lost,245 runs,lost,2nd,5.0,Sharjah_29 Oct 2000,Sunday
258,44,1,22,1,0,v Zimbabwe,Cuttack,2 Dec 2000,won,3 wickets,lost,2nd,44.0,Cuttack_2 Dec 2000,Saturday
259,8,1,53,0,0,v Zimbabwe,Ahmedabad,5 Dec 2000,won,61 runs,won,1st,8.0,Ahmedabad_5 Dec 2000,Tuesday
260,146,1,35,0,0,v Zimbabwe,Jodhpur,8 Dec 2000,lost,1 wickets,won,1st,146.0,Jodhpur_8 Dec 2000,Friday
261,62,-,-,0,0,v Zimbabwe,Kanpur,11 Dec 2000,won,9 wickets,lost,2nd,62.0,Kanpur_11 Dec 2000,Monday
262,27,-,-,0,0,v Zimbabwe,Rajkot,14 Dec 2000,won,39 runs,lost,1st,27.0,Rajkot_14 Dec 2000,Thursday
263,35,-,-,0,0,v Australia,Bangalore,25 Mar 2001,won,60 runs,won,1st,35.0,Bangalore_25 Mar 2001,Sunday
264,32,0,59,0,0,v Australia,Pune,28 Mar 2001,lost,8 wickets,won,1st,32.0,Pune_28 Mar 2001,Wednesday
265,139,-,-,1,0,v Australia,Indore,31 Mar 2001,won,118 runs,lost,1st,139.0,Indore_31 Mar 2001,Saturday
266,62,0,12,1,0,v Australia,Visakhapatnam,3 Apr 2001,lost,93 runs,lost,2nd,62.0,Visakhapatnam_3 Apr 2001,Tuesday
267,12,3,35,0,0,v Australia,Margao,6 Apr 2001,lost,4 wickets,won,1st,12.0,Margao_6 Apr 2001,Friday
268,70,-,-,0,0,v Zimbabwe,Harare,24 Jun 2001,won,9 wickets,won,2nd,70.0,Harare_24 Jun 2001,Sunday
269,9,-,-,0,0,v Zimbabwe,Bulawayo,27 Jun 2001,won,4 wickets,won,2nd,9.0,Bulawayo_27 Jun 2001,Wednesday
270,81,0,14,0,0,v West Indies,Bulawayo,30 Jun 2001,won,6 wickets,won,2nd,81.0,Bulawayo_30 Jun 2001,Saturday
271,122,0,11,0,0,v West Indies,Harare,4 Jul 2001,won,6 wickets,won,2nd,122.0,Harare_4 Jul 2001,Wednesday
272,0,-,-,0,0,v West Indies,Harare,7 Jul 2001,lost,16 runs,won,2nd,0.0,Harare_7 Jul 2001,Saturday
273,101,0,51,0,0,v South Africa,Johannesburg,5 Oct 2001,lost,6 wickets,lost,1st,101.0,Johannesburg_5 Oct 2001,Friday
274,38,0,21,0,0,v South Africa,Centurion,10 Oct 2001,won,41 runs,won,1st,38.0,Centurion_10 Oct 2001,Wednesday
275,DNB,-,-,0,0,v Kenya,Bloemfontein,12 Oct 2001,won,10 wickets,lost,2nd,,Bloemfontein_12 Oct 2001,Friday
276,3,-,-,1,0,v Kenya,Port Elizabeth,17 Oct 2001,lost,70 runs,lost,2nd,3.0,Port Elizabeth_17 Oct 2001,Wednesday
277,37,-,-,0,0,v South Africa,East London,19 Oct 2001,lost,46 runs,lost,2nd,37.0,East London_19 Oct 2001,Friday
278,146,-,-,0,0,v Kenya,Paarl,24 Oct 2001,won,186 runs,won,1st,146.0,Paarl_24 Oct 2001,Wednesday
279,17,2,27,0,0,v South Africa,Durban,26 Oct 2001,lost,6 wickets,lost,1st,17.0,Durban_26 Oct 2001,Friday
280,36,0,23,1,0,v England,Kolkata,19 Jan 2002,won,22 runs,won,1st,36.0,Kolkata_19 Jan 2002,Saturday
281,45,0,35,0,0,v England,Cuttack,22 Jan 2002,lost,16 runs,won,2nd,45.0,Cuttack_22 Jan 2002,Tuesday
282,68,0,8,1,0,v England,Chennai,25 Jan 2002,won,4 wickets,lost,2nd,68.0,Chennai_25 Jan 2002,Friday
283,87,0,17,1,0,v England,Kanpur,28 Jan 2002,won,8 wickets,lost,2nd,87.0,Kanpur_28 Jan 2002,Monday
284,18,1,45,0,0,v England,Delhi,31 Jan 2002,lost,2 runs,won,2nd,18.0,Delhi_31 Jan 2002,Thursday
285,12,1,30,0,0,v England,Mumbai,3 Feb 2002,lost,5 runs,lost,2nd,12.0,Mumbai_3 Feb 2002,Sunday
286,34,-,-,0,0,v West Indies,Bridgetown,29 May 2002,won,7 wickets,won,2nd,34.0,Bridgetown_29 May 2002,Wednesday
287,65,1,20,0,0,v West Indies,Port of Spain,2 Jun 2002,won,56 runs,won,1st,65.0,Port of Spain_2 Jun 2002,Sunday
288,1,-,-,0,0,v England,Lord's,29 Jun 2002,won,6 wickets,lost,2nd,1.0,Lord's_29 Jun 2002,Saturday
289,49,-,-,0,0,v Sri Lanka,The Oval,30 Jun 2002,won,4 wickets,lost,2nd,49.0,The Oval_30 Jun 2002,Sunday
290,105,-,-,0,0,v England,Chester-le-Street,4 Jul 2002,n/r,-,won,1st,105.0,Chester-le-Street_4 Jul 2002,Thursday
291,19,0,18,0,0,v Sri Lanka,Birmingham,6 Jul 2002,won,4 wickets,won,2nd,19.0,Birmingham_6 Jul 2002,Saturday
292,36,0,9,0,0,v England,The Oval,9 Jul 2002,lost,64 runs,won,2nd,36.0,The Oval_9 Jul 2002,Tuesday
293,113,-,-,0,0,v Sri Lanka,Bristol,11 Jul 2002,won,63 runs,won,1st,113.0,Bristol_11 Jul 2002,Thursday
294,14,-,-,0,0,v England,Lord's,13 Jul 2002,won,2 wickets,lost,2nd,14.0,Lord's_13 Jul 2002,Saturday
295,7,2,41,0,0,v Zimbabwe,Colombo (RPS),14 Sep 2002,won,14 runs,won,1st,7.0,Colombo (RPS)_14 Sep 2002,Saturday
296,9,1,13,0,0,v England,Colombo (RPS),22 Sep 2002,won,8 wickets,lost,2nd,9.0,Colombo (RPS)_22 Sep 2002,Sunday
297,16,0,32,0,0,v South Africa,Colombo (RPS),25 Sep 2002,won,10 runs,won,1st,16.0,Colombo (RPS)_25 Sep 2002,Wednesday
298,DNB,1,36,1,0,v Sri Lanka,Colombo (RPS),29 Sep 2002,n/r,-,lost,2nd,,Colombo (RPS)_29 Sep 2002,Sunday
299,7,0,36,0,0,v Sri Lanka,Colombo (RPS),30 Sep 2002,n/r,-,lost,2nd,7.0,Colombo (RPS)_30 Sep 2002,Monday
300,0,-,-,0,0,v New Zealand,Wellington,8 Jan 2003,won,2 wickets,lost,2nd,0.0,Wellington_8 Jan 2003,Wednesday
301,1,-,-,0,0,v New Zealand,Auckland,11 Jan 2003,won,1 wickets,won,2nd,1.0,Auckland_11 Jan 2003,Saturday
302,1,-,-,0,0,v New Zealand,Hamilton,14 Jan 2003,lost,6 wickets,lost,1st,1.0,Hamilton_14 Jan 2003,Tuesday
303,52,0,9,0,0,v Netherlands,Paarl,12 Feb 2003,won,68 runs,won,1st,52.0,Paarl_12 Feb 2003,Wednesday
304,36,-,-,0,0,v Australia,Centurion,15 Feb 2003,lost,9 wickets,won,1st,36.0,Centurion_15 Feb 2003,Saturday
305,81,-,-,0,0,v Zimbabwe,Harare,19 Feb 2003,won,83 runs,lost,1st,81.0,Harare_19 Feb 2003,Wednesday
306,152,-,-,0,0,v Namibia,Pietermaritzburg,23 Feb 2003,won,181 runs,lost,1st,152.0,Pietermaritzburg_23 Feb 2003,Sunday
307,50,-,-,1,0,v England,Durban,26 Feb 2003,won,82 runs,won,1st,50.0,Durban_26 Feb 2003,Wednesday
308,98,-,-,0,0,v Pakistan,Centurion,1 Mar 2003,won,6 wickets,lost,2nd,98.0,Centurion_1 Mar 2003,Saturday
309,5,-,-,1,0,v Kenya,Cape Town,7 Mar 2003,won,6 wickets,lost,2nd,5.0,Cape Town_7 Mar 2003,Friday
310,97,-,-,1,0,v Sri Lanka,Johannesburg,10 Mar 2003,won,183 runs,lost,1st,97.0,Johannesburg_10 Mar 2003,Monday
311,15,0,20,1,0,v New Zealand,Centurion,14 Mar 2003,won,7 wickets,won,2nd,15.0,Centurion_14 Mar 2003,Friday
312,83,2,28,0,0,v Kenya,Durban,20 Mar 2003,won,91 runs,won,1st,83.0,Durban_20 Mar 2003,Thursday
313,4,0,20,0,0,v Australia,Johannesburg,23 Mar 2003,lost,125 runs,won,2nd,4.0,Johannesburg_23 Mar 2003,Sunday
314,48,-,-,-,-,v New Zealand,Chennai,23 Oct 2003,n/r,-,won,1st,48.0,Chennai_23 Oct 2003,Thursday
315,100,1,39,0,0,v Australia,Gwalior,26 Oct 2003,won,37 runs,won,1st,100.0,Gwalior_26 Oct 2003,Sunday
316,68,0,21,0,0,v Australia,Mumbai,1 Nov 2003,lost,77 runs,lost,2nd,68.0,Mumbai_1 Nov 2003,Saturday
317,14,0,25,0,0,v New Zealand,Cuttack,6 Nov 2003,lost,4 wickets,won,1st,14.0,Cuttack_6 Nov 2003,Thursday
318,89,-,-,0,0,v Australia,Bangalore,12 Nov 2003,lost,61 runs,lost,2nd,89.0,Bangalore_12 Nov 2003,Wednesday
319,102,0,40,0,0,v New Zealand,Hyderabad (Deccan),15 Nov 2003,won,145 runs,won,1st,102.0,Hyderabad (Deccan)_15 Nov 2003,Saturday
320,45,-,-,0,0,v Australia,Kolkata,18 Nov 2003,lost,37 runs,lost,2nd,45.0,Kolkata_18 Nov 2003,Tuesday
321,63,-,-,1,0,v Australia,Melbourne,9 Jan 2004,lost,18 runs,lost,2nd,63.0,Melbourne_9 Jan 2004,Friday
322,44,-,-,0,0,v Zimbabwe,Hobart,14 Jan 2004,won,7 wickets,lost,2nd,44.0,Hobart_14 Jan 2004,Wednesday
323,86,-,-,0,0,v Australia,Brisbane,18 Jan 2004,won,19 runs,won,1st,86.0,Brisbane_18 Jan 2004,Sunday
324,5,-,-,0,0,v Australia,Perth,1 Feb 2004,lost,5 wickets,won,1st,5.0,Perth_1 Feb 2004,Sunday
325,3,-,-,0,0,v Zimbabwe,Perth,3 Feb 2004,won,4 wickets,lost,2nd,3.0,Perth_3 Feb 2004,Tuesday
326,8,-,-,1,0,v Australia,Melbourne,6 Feb 2004,lost,7 wickets,won,1st,8.0,Melbourne_6 Feb 2004,Friday
327,27,1,60,0,0,v Australia,Sydney,8 Feb 2004,lost,208 runs,lost,2nd,27.0,Sydney_8 Feb 2004,Sunday
328,28,0,34,0,0,v Pakistan,Karachi,13 Mar 2004,won,5 runs,lost,1st,28.0,Karachi_13 Mar 2004,Saturday
329,141,0,45,0,0,v Pakistan,Rawalpindi,16 Mar 2004,lost,12 runs,lost,2nd,141.0,Rawalpindi_16 Mar 2004,Tuesday
330,0,1,31,0,0,v Pakistan,Peshawar,19 Mar 2004,lost,4 wickets,lost,1st,0.0,Peshawar_19 Mar 2004,Friday
331,7,1,48,0,0,v Pakistan,Lahore,21 Mar 2004,won,5 wickets,lost,2nd,7.0,Lahore_21 Mar 2004,Sunday
332,37,0,27,1,0,v Pakistan,Lahore,24 Mar 2004,won,40 runs,lost,1st,37.0,Lahore_24 Mar 2004,Wednesday
333,18,3,21,0,0,v U.A.E.,Dambulla,16 Jul 2004,won,116 runs,won,1st,18.0,Dambulla_16 Jul 2004,Friday
334,11,-,-,0,0,v Sri Lanka,Dambulla,18 Jul 2004,lost,12 runs,lost,2nd,11.0,Dambulla_18 Jul 2004,Sunday
335,82,3,35,0,0,v Bangladesh,Colombo (SSC),21 Jul 2004,won,8 wickets,won,2nd,82.0,Colombo (SSC)_21 Jul 2004,Wednesday
336,78,3,28,0,0,v Pakistan,Colombo (RPS),25 Jul 2004,lost,59 runs,lost,2nd,78.0,Colombo (RPS)_25 Jul 2004,Sunday
337,18,1,23,1,0,v Sri Lanka,Colombo (RPS),27 Jul 2004,won,4 runs,won,1st,18.0,Colombo (RPS)_27 Jul 2004,Tuesday
338,74,2,40,0,0,v Sri Lanka,Colombo (RPS),1 Aug 2004,lost,25 runs,lost,2nd,74.0,Colombo (RPS)_1 Aug 2004,Sunday
339,16,0,15,0,0,v Pakistan,Kolkata,13 Nov 2004,lost,6 wickets,won,1st,16.0,Kolkata_13 Nov 2004,Saturday
340,19,-,-,0,0,v Bangladesh,Chittagong,23 Dec 2004,won,11 runs,lost,1st,19.0,Chittagong_23 Dec 2004,Thursday
341,47,4,54,0,0,v Bangladesh,Dhaka,27 Dec 2004,won,91 runs,won,1st,47.0,Dhaka_27 Dec 2004,Monday
342,4,5,50,1,0,v Pakistan,Kochi,2 Apr 2005,won,87 runs,won,1st,4.0,Kochi_2 Apr 2005,Saturday
343,2,0,44,0,0,v Pakistan,Visakhapatnam,5 Apr 2005,won,58 runs,won,1st,2.0,Visakhapatnam_5 Apr 2005,Tuesday
344,6,0,25,1,0,v Pakistan,Jamshedpur,9 Apr 2005,lost,106 runs,lost,2nd,6.0,Jamshedpur_9 Apr 2005,Saturday
345,123,1,36,1,0,v Pakistan,Ahmedabad,12 Apr 2005,lost,3 wickets,won,1st,123.0,Ahmedabad_12 Apr 2005,Tuesday
346,1,1,20,0,0,v Pakistan,Kanpur,15 Apr 2005,lost,5 wickets,won,1st,1.0,Kanpur_15 Apr 2005,Friday
347,9,0,24,0,0,v Pakistan,Delhi,17 Apr 2005,lost,159 runs,lost,2nd,9.0,Delhi_17 Apr 2005,Sunday
348,93,-,-,0,0,v Sri Lanka,Nagpur,25 Oct 2005,won,152 runs,won,1st,93.0,Nagpur_25 Oct 2005,Tuesday
349,67,-,-,1,0,v Sri Lanka,Mohali,28 Oct 2005,won,8 wickets,won,2nd,67.0,Mohali_28 Oct 2005,Friday
350,2,0,10,0,0,v Sri Lanka,Jaipur,31 Oct 2005,won,6 wickets,lost,2nd,2.0,Jaipur_31 Oct 2005,Monday
351,11,-,-,1,0,v Sri Lanka,Pune,3 Nov 2005,won,4 wickets,won,2nd,11.0,Pune_3 Nov 2005,Thursday
352,19,-,-,1,0,v Sri Lanka,Rajkot,9 Nov 2005,won,7 wickets,won,2nd,19.0,Rajkot_9 Nov 2005,Wednesday
353,39,-,-,0,0,v Sri Lanka,Vadodara,12 Nov 2005,won,5 wickets,lost,2nd,39.0,Vadodara_12 Nov 2005,Saturday
354,2,1,43,0,0,v South Africa,Hyderabad (Deccan),16 Nov 2005,lost,5 wickets,lost,1st,2.0,Hyderabad (Deccan)_16 Nov 2005,Wednesday
355,2,-,-,0,0,v South Africa,Bangalore,19 Nov 2005,won,6 wickets,won,2nd,2.0,Bangalore_19 Nov 2005,Saturday
356,2,-,-,0,0,v South Africa,Kolkata,25 Nov 2005,lost,10 wickets,lost,1st,2.0,Kolkata_25 Nov 2005,Friday
357,30,-,-,0,0,v South Africa,Mumbai,28 Nov 2005,won,5 wickets,won,2nd,30.0,Mumbai_28 Nov 2005,Monday
358,100,-,-,0,0,v Pakistan,Peshawar,6 Feb 2006,lost,7 runs,lost,1st,100.0,Peshawar_6 Feb 2006,Monday
359,42,0,45,0,0,v Pakistan,Rawalpindi,11 Feb 2006,won,7 wickets,lost,2nd,42.0,Rawalpindi_11 Feb 2006,Saturday
360,95,1,52,0,0,v Pakistan,Lahore,13 Feb 2006,won,5 wickets,won,2nd,95.0,Lahore_13 Feb 2006,Monday
361,0,1,27,0,0,v Pakistan,Multan,16 Feb 2006,won,5 wickets,won,2nd,0.0,Multan_16 Feb 2006,Thursday
362,2,-,-,-,-,v Sri Lanka,Colombo (SSC),18 Aug 2006,n/r,-,won,1st,2.0,Colombo (SSC)_18 Aug 2006,Friday
363,141,-,-,0,0,v West Indies,Kuala Lumpur,14 Sep 2006,lost,29 runs,won,1st,141.0,Kuala Lumpur_14 Sep 2006,Thursday
364,12,-,-,1,0,v Australia,Kuala Lumpur,16 Sep 2006,n/r,-,lost,2nd,12.0,Kuala Lumpur_16 Sep 2006,Saturday
365,65,-,-,0,0,v West Indies,Kuala Lumpur,20 Sep 2006,won,16 runs,won,1st,65.0,Kuala Lumpur_20 Sep 2006,Wednesday
366,4,-,-,0,0,v Australia,Kuala Lumpur,22 Sep 2006,lost,18 runs,lost,2nd,4.0,Kuala Lumpur_22 Sep 2006,Friday
367,35,-,-,1,0,v England,Jaipur,15 Oct 2006,won,4 wickets,won,2nd,35.0,Jaipur_15 Oct 2006,Sunday
368,29,-,-,0,0,v West Indies,Ahmedabad,26 Oct 2006,lost,3 wickets,lost,1st,29.0,Ahmedabad_26 Oct 2006,Thursday
369,10,-,-,1,0,v Australia,Mohali,29 Oct 2006,lost,6 wickets,won,1st,10.0,Mohali_29 Oct 2006,Sunday
370,35,0,33,1,0,v South Africa,Durban,22 Nov 2006,lost,157 runs,lost,2nd,35.0,Durban_22 Nov 2006,Wednesday
371,2,0,13,2,0,v South Africa,Cape Town,26 Nov 2006,lost,106 runs,lost,2nd,2.0,Cape Town_26 Nov 2006,Sunday
372,1,1,46,0,0,v South Africa,Port Elizabeth,29 Nov 2006,lost,80 runs,lost,2nd,1.0,Port Elizabeth_29 Nov 2006,Wednesday
373,55,-,-,0,0,v South Africa,Centurion,3 Dec 2006,lost,9 wickets,lost,1st,55.0,Centurion_3 Dec 2006,Sunday
374,31,1,54,0,0,v West Indies,Nagpur,21 Jan 2007,won,14 runs,lost,1st,31.0,Nagpur_21 Jan 2007,Sunday
375,0,2,25,0,0,v West Indies,Cuttack,24 Jan 2007,won,20 runs,won,1st,0.0,Cuttack_24 Jan 2007,Wednesday
376,60,0,33,0,0,v West Indies,Chennai,27 Jan 2007,lost,3 wickets,lost,1st,60.0,Chennai_27 Jan 2007,Saturday
377,100,-,-,0,0,v West Indies,Vadodara,31 Jan 2007,won,160 runs,lost,1st,100.0,Vadodara_31 Jan 2007,Wednesday
378,TDNB,-,-,0,0,v Sri Lanka,Kolkata,8 Feb 2007,n/r,-,won,2nd,,Kolkata_8 Feb 2007,Thursday
379,54,1,41,1,0,v Sri Lanka,Rajkot,11 Feb 2007,lost,5 runs,won,2nd,54.0,Rajkot_11 Feb 2007,Sunday
380,1,0,33,1,0,v Sri Lanka,Margao,14 Feb 2007,won,5 wickets,lost,2nd,1.0,Margao_14 Feb 2007,Wednesday
381,7,0,8,0,0,v Bangladesh,Port of Spain,17 Mar 2007,lost,5 wickets,won,1st,7.0,Port of Spain_17 Mar 2007,Saturday
382,57,1,1,0,0,v Bermuda,Port of Spain,19 Mar 2007,won,257 runs,lost,1st,57.0,Port of Spain_19 Mar 2007,Monday
383,0,1,40,0,0,v Sri Lanka,Port of Spain,23 Mar 2007,lost,69 runs,won,2nd,0.0,Port of Spain_23 Mar 2007,Friday
384,4,1,24,0,0,v Ireland,Belfast,23 Jun 2007,won,9 wickets,won,2nd,4.0,Belfast_23 Jun 2007,Saturday
385,99,-,-,1,0,v South Africa,Belfast,26 Jun 2007,lost,4 wickets,lost,1st,99.0,Belfast_26 Jun 2007,Tuesday
386,93,0,10,0,0,v South Africa,Belfast,29 Jun 2007,won,6 wickets,won,2nd,93.0,Belfast_29 Jun 2007,Friday
387,8,2,10,0,0,v South Africa,Belfast,1 Jul 2007,won,6 wickets,won,2nd,8.0,Belfast_1 Jul 2007,Sunday
388,17,0,29,0,0,v England,Southampton,21 Aug 2007,lost,104 runs,won,2nd,17.0,Southampton_21 Aug 2007,Tuesday
389,99,-,-,0,0,v England,Bristol,24 Aug 2007,won,9 runs,won,1st,99.0,Bristol_24 Aug 2007,Friday
390,8,-,-,0,0,v England,Birmingham,27 Aug 2007,lost,42 runs,won,2nd,8.0,Birmingham_27 Aug 2007,Monday
391,55,0,4,0,0,v England,Manchester,30 Aug 2007,lost,3 wickets,won,1st,55.0,Manchester_30 Aug 2007,Thursday
392,71,0,35,0,0,v England,Leeds,2 Sep 2007,won,38 runs,lost,1st,71.0,Leeds_2 Sep 2007,Sunday
393,94,0,12,0,0,v England,The Oval,5 Sep 2007,won,2 wickets,lost,2nd,94.0,The Oval_5 Sep 2007,Wednesday
394,30,-,-,0,0,v England,Lord's,8 Sep 2007,lost,7 wickets,won,1st,30.0,Lord's_8 Sep 2007,Saturday
395,0,-,-,1,0,v Australia,Bangalore,29 Sep 2007,n/r,-,lost,2nd,0.0,Bangalore_29 Sep 2007,Saturday
396,16,0,22,1,0,v Australia,Kochi,2 Oct 2007,lost,84 runs,won,2nd,16.0,Kochi_2 Oct 2007,Tuesday
397,43,0,22,0,0,v Australia,Hyderabad (Deccan),5 Oct 2007,lost,47 runs,lost,2nd,43.0,Hyderabad (Deccan)_5 Oct 2007,Friday
398,79,-,-,0,0,v Australia,Chandigarh,8 Oct 2007,won,8 runs,won,1st,79.0,Chandigarh_8 Oct 2007,Monday
399,47,0,11,0,0,v Australia,Vadodara,11 Oct 2007,lost,9 wickets,won,1st,47.0,Vadodara_11 Oct 2007,Thursday
400,72,0,20,1,0,v Australia,Nagpur,14 Oct 2007,lost,18 runs,lost,2nd,72.0,Nagpur_14 Oct 2007,Sunday
401,21,-,-,1,0,v Australia,Mumbai,17 Oct 2007,won,2 wickets,lost,2nd,21.0,Mumbai_17 Oct 2007,Wednesday
402,4,2,32,0,0,v Pakistan,Guwahati,5 Nov 2007,won,5 wickets,lost,2nd,4.0,Guwahati_5 Nov 2007,Monday
403,99,0,11,0,0,v Pakistan,Mohali,8 Nov 2007,lost,4 wickets,won,1st,99.0,Mohali_8 Nov 2007,Thursday
404,29,0,11,0,0,v Pakistan,Kanpur,11 Nov 2007,won,46 runs,lost,1st,29.0,Kanpur_11 Nov 2007,Sunday
405,97,-,-,0,0,v Pakistan,Gwalior,15 Nov 2007,won,6 wickets,lost,2nd,97.0,Gwalior_15 Nov 2007,Thursday
406,30,-,-,0,0,v Pakistan,Jaipur,18 Nov 2007,lost,31 runs,won,2nd,30.0,Jaipur_18 Nov 2007,Sunday
407,10,-,-,0,0,v Australia,Brisbane,3 Feb 2008,n/r,-,won,1st,10.0,Brisbane_3 Feb 2008,Sunday
408,35,-,-,-,-,v Sri Lanka,Brisbane,5 Feb 2008,n/r,-,won,1st,35.0,Brisbane_5 Feb 2008,Tuesday
409,44,0,6,2,0,v Australia,Melbourne,10 Feb 2008,won,5 wickets,lost,2nd,44.0,Melbourne_10 Feb 2008,Sunday
410,32,0,15,0,0,v Sri Lanka,Canberra,12 Feb 2008,lost,8 wickets,lost,1st,32.0,Canberra_12 Feb 2008,Tuesday
411,5,-,-,0,0,v Australia,Adelaide,17 Feb 2008,lost,50 runs,lost,2nd,5.0,Adelaide_17 Feb 2008,Sunday
412,0,-,-,0,0,v Sri Lanka,Adelaide,19 Feb 2008,won,2 wickets,lost,2nd,0.0,Adelaide_19 Feb 2008,Tuesday
413,2,-,-,0,0,v Australia,Sydney,24 Feb 2008,lost,18 runs,lost,2nd,2.0,Sydney_24 Feb 2008,Sunday
414,63,-,-,0,0,v Sri Lanka,Hobart,26 Feb 2008,won,7 wickets,won,2nd,63.0,Hobart_26 Feb 2008,Tuesday
415,117,-,-,0,0,v Australia,Sydney,2 Mar 2008,won,6 wickets,lost,2nd,117.0,Sydney_2 Mar 2008,Sunday
416,91,-,-,0,0,v Australia,Brisbane,4 Mar 2008,won,9 runs,won,1st,91.0,Brisbane_4 Mar 2008,Tuesday
417,11,-,-,2,0,v England,Bangalore,23 Nov 2008,won,19 runs,lost,1st,11.0,Bangalore_23 Nov 2008,Sunday
418,50,-,-,2,0,v England,Cuttack,26 Nov 2008,won,6 wickets,won,2nd,50.0,Cuttack_26 Nov 2008,Wednesday
419,5,-,-,0,0,v Sri Lanka,Dambulla,28 Jan 2009,won,6 wickets,won,2nd,5.0,Dambulla_28 Jan 2009,Wednesday
420,6,-,-,1,0,v Sri Lanka,Colombo (RPS),31 Jan 2009,won,15 runs,won,1st,6.0,Colombo (RPS)_31 Jan 2009,Saturday
421,7,0,11,1,0,v Sri Lanka,Colombo (RPS),3 Feb 2009,won,147 runs,won,1st,7.0,Colombo (RPS)_3 Feb 2009,Tuesday
422,20,-,-,1,0,v New Zealand,Napier,3 Mar 2009,won,53 runs,won,1st,20.0,Napier_3 Mar 2009,Tuesday
423,61,-,-,-,-,v New Zealand,Wellington,6 Mar 2009,n/r,-,won,1st,61.0,Wellington_6 Mar 2009,Friday
424,163,-,-,0,0,v New Zealand,Christchurch,8 Mar 2009,won,58 runs,lost,1st,163.0,Christchurch_8 Mar 2009,Sunday
425,46,-,-,0,0,v New Zealand,Colombo (RPS),11 Sep 2009,won,6 wickets,lost,2nd,46.0,Colombo (RPS)_11 Sep 2009,Friday
426,27,-,-,0,0,v Sri Lanka,Colombo (RPS),12 Sep 2009,lost,139 runs,lost,2nd,27.0,Colombo (RPS)_12 Sep 2009,Saturday
427,138,-,-,0,0,v Sri Lanka,Colombo (RPS),14 Sep 2009,won,46 runs,won,1st,138.0,Colombo (RPS)_14 Sep 2009,Monday
428,8,-,-,0,0,v Pakistan,Centurion,26 Sep 2009,lost,54 runs,lost,2nd,8.0,Centurion_26 Sep 2009,Saturday
429,TDNB,-,-,1,0,v Australia,Centurion,28 Sep 2009,n/r,-,lost,2nd,,Centurion_28 Sep 2009,Monday
430,14,-,-,0,0,v Australia,Vadodara,25 Oct 2009,lost,4 runs,lost,2nd,14.0,Vadodara_25 Oct 2009,Sunday
431,4,-,-,1,0,v Australia,Nagpur,28 Oct 2009,won,99 runs,lost,1st,4.0,Nagpur_28 Oct 2009,Wednesday
432,32,-,-,0,0,v Australia,Delhi,31 Oct 2009,won,6 wickets,lost,2nd,32.0,Delhi_31 Oct 2009,Saturday
433,40,-,-,0,0,v Australia,Mohali,2 Nov 2009,lost,24 runs,won,2nd,40.0,Mohali_2 Nov 2009,Monday
434,175,-,-,1,0,v Australia,Hyderabad (Deccan),5 Nov 2009,lost,3 runs,lost,2nd,175.0,Hyderabad (Deccan)_5 Nov 2009,Thursday
435,10,0,11,0,0,v Australia,Guwahati,8 Nov 2009,lost,6 wickets,won,1st,10.0,Guwahati_8 Nov 2009,Sunday
436,69,-,-,1,0,v Sri Lanka,Rajkot,15 Dec 2009,won,3 runs,lost,1st,69.0,Rajkot_15 Dec 2009,Tuesday
437,43,-,-,0,0,v Sri Lanka,Nagpur,18 Dec 2009,lost,3 wickets,won,1st,43.0,Nagpur_18 Dec 2009,Friday
438,96,-,-,0,0,v Sri Lanka,Cuttack,21 Dec 2009,won,7 wickets,lost,2nd,96.0,Cuttack_21 Dec 2009,Monday
439,8,-,-,1,0,v Sri Lanka,Kolkata,24 Dec 2009,won,7 wickets,lost,2nd,8.0,Kolkata_24 Dec 2009,Thursday
440,4,-,-,0,0,v South Africa,Jaipur,21 Feb 2010,won,1 runs,lost,1st,4.0,Jaipur_21 Feb 2010,Sunday
441,200,-,-,0,0,v South Africa,Gwalior,24 Feb 2010,won,153 runs,won,1st,200.0,Gwalior_24 Feb 2010,Wednesday
442,7,-,-,0,0,v South Africa,Durban,12 Jan 2011,lost,135 runs,lost,2nd,7.0,Durban_12 Jan 2011,Wednesday
443,24,-,-,0,0,v South Africa,Johannesburg,15 Jan 2011,won,1 runs,won,1st,24.0,Johannesburg_15 Jan 2011,Saturday
444,28,-,-,0,0,v Bangladesh,Dhaka,19 Feb 2011,won,87 runs,lost,1st,28.0,Dhaka_19 Feb 2011,Saturday
445,120,-,-,0,0,v England,Bangalore,27 Feb 2011,tied,-,won,1st,120.0,Bangalore_27 Feb 2011,Sunday
446,38,-,-,0,0,v Ireland,Bangalore,6 Mar 2011,won,5 wickets,won,2nd,38.0,Bangalore_6 Mar 2011,Sunday
447,27,-,-,0,0,v Netherlands,Delhi,9 Mar 2011,won,5 wickets,lost,2nd,27.0,Delhi_9 Mar 2011,Wednesday
448,111,-,-,1,0,v South Africa,Nagpur,12 Mar 2011,lost,3 wickets,won,1st,111.0,Nagpur_12 Mar 2011,Saturday
449,2,-,-,0,0,v West Indies,Chennai,20 Mar 2011,won,80 runs,won,1st,2.0,Chennai_20 Mar 2011,Sunday
450,53,0,9,0,0,v Australia,Ahmedabad,24 Mar 2011,won,5 wickets,lost,2nd,53.0,Ahmedabad_24 Mar 2011,Thursday
451,85,-,-,1,0,v Pakistan,Mohali,30 Mar 2011,won,29 runs,won,1st,85.0,Mohali_30 Mar 2011,Wednesday
452,18,0,12,0,0,v Sri Lanka,Mumbai,2 Apr 2011,won,6 wickets,lost,2nd,18.0,Mumbai_2 Apr 2011,Saturday
453,2,-,-,0,0,v Australia,Melbourne,5 Feb 2012,lost,65 runs,won,2nd,2.0,Melbourne_5 Feb 2012,Sunday
454,48,-,-,1,0,v Sri Lanka,Perth,8 Feb 2012,won,4 wickets,lost,2nd,48.0,Perth_8 Feb 2012,Wednesday
455,15,-,-,0,0,v Sri Lanka,Adelaide,14 Feb 2012,tied,-,lost,2nd,15.0,Adelaide_14 Feb 2012,Tuesday
456,3,-,-,1,0,v Australia,Brisbane,19 Feb 2012,lost,110 runs,lost,2nd,3.0,Brisbane_19 Feb 2012,Sunday
457,22,-,-,1,0,v Sri Lanka,Brisbane,21 Feb 2012,lost,51 runs,lost,2nd,22.0,Brisbane_21 Feb 2012,Tuesday
458,14,-,-,0,0,v Australia,Sydney,26 Feb 2012,lost,87 runs,lost,2nd,14.0,Sydney_26 Feb 2012,Sunday
459,39,-,-,0,0,v Sri Lanka,Hobart,28 Feb 2012,won,7 wickets,won,2nd,39.0,Hobart_28 Feb 2012,Tuesday
460,6,-,-,1,0,v Sri Lanka,Dhaka,13 Mar 2012,won,50 runs,lost,1st,6.0,Dhaka_13 Mar 2012,Tuesday
461,114,-,-,0,0,v Bangladesh,Dhaka,16 Mar 2012,lost,5 wickets,lost,1st,114.0,Dhaka_16 Mar 2012,Friday
462,52,0,12,0,0,v Pakistan,Dhaka,18 Mar 2012,won,6 wickets,lost,2nd,52.0,Dhaka_18 Mar 2012,Sunday
